,prefix,entity,continent,itu_zone,cq_zone,dxcc_code,arrl_outgoing,third_party,note_nr,deleted,paren,startdate,enddate,text
0,,Spratly Is.,AS,50,26,247,False,False,1,False,,,,Unofficial prefix.
1,1A,Sovereign Military Order of Malta,EU,28,15,246,False,False,1,False,,,,Unofficial prefix.
2,3A,Monaco,EU,27,14,260,True,False,,False,,,,
3,"3B6,7",Agalega & St. Brandon Is.,AF,53,39,004,False,False,,False,,,,
4,3B8,Mauritius,AF,53,39,165,False,False,,False,,,,
5,3B9,Rodrigues I.,AF,53,39,207,False,False,,False,,,,
6,3C,Equatorial Guinea,AF,47,36,049,False,False,,False,,,,
7,3C0,Annobon I.,AF,52,36,195,False,False,,False,,,,
8,3D2,Fiji,OC,56,32,176,True,False,,False,,,,
9,3D2,Conway Reef,OC,56,32,489,True,False,,False,,,,
10,3D2,Rotuma I.,OC,56,32,460,True,False,,False,,,,
11,3DA,Kingdom of Eswatini,AF,57,38,468,False,True,,False,,,,
12,3V,Tunisia,AF,37,33,474,True,False,,False,,,,
13,"3W,XV",Viet Nam,AS,49,26,293,False,False,,False,,,,
14,3X,Guinea,AF,46,35,107,False,False,,False,,,,
15,3Y,Bouvet,AF,67,38,024,True,False,,False,,,,
16,3Y,Peter 1 I.,AN,72,12,199,True,False,,False,,,,
17,"4J,4K",Azerbaijan,AS,29,21,018,False,False,,False,,,,
18,4L,Georgia,AS,29,21,075,True,False,,False,,,,
19,4S,Sri Lanka,AS,41,22,315,True,False,,False,,,,
20,4U_ITU,ITU HQ,EU,28,14,117,True,True,,False,,,,
21,4U_UN,United Nations HQ,NA,08,05,289,True,False,,False,,,,
22,"4X,4Z",Israel,AS,39,20,336,True,True,,False,,,,
23,5A,Libya,AF,38,34,436,False,False,,False,,,,
24,"5B,C4,P3",Cyprus,AS,39,20,215,True,False,,False,,,,
25,"5H,5I",Tanzania,AF,53,37,470,True,False,,False,,,,
26,5N,Nigeria,AF,46,35,450,True,False,,False,,,,
27,5R,Madagascar,AF,53,39,438,False,False,,False,,,,
28,5V,Togo,AF,46,35,483,False,False,,False,,,,
29,5W,Samoa,OC,62,32,190,True,False,,False,,,,
30,5X,Uganda,AF,48,37,286,True,False,,False,,,,
31,"5Y,5Z",Kenya,AF,48,37,430,True,False,,False,,,,
32,6Y,Jamaica,NA,11,08,082,True,True,,False,,,,
33,7P,Lesotho,AF,57,38,432,False,False,,False,,,,
34,7Q,Malawi,AF,53,37,440,False,False,,False,,,,
35,7T-7Y,Algeria,AF,37,33,400,True,False,,False,,,,
36,8P,Barbados,NA,11,08,062,True,False,,False,,,,
37,8Q,Maldives,"AS,AF",41,22,159,False,False,,False,,,,
38,8R,Guyana,SA,12,09,129,True,True,,False,,,,
39,9H,Malta,EU,28,15,257,True,False,,False,,,,
40,"9I,9J",Zambia,AF,53,36,482,True,False,,False,,,,
41,9K,Kuwait,AS,39,21,348,True,False,,False,,,,
42,9L,Sierra Leone,AF,46,35,458,False,True,,False,,,,
43,9N,Nepal,AS,42,22,369,False,False,,False,,,,
44,9Q-9T,Democratic Republic of the Congo,AF,52,36,414,True,False,,False,,,,
45,"9Y,9Z",Trinidad & Tobago,SA,11,09,090,True,True,,False,,,,
46,A2,Botswana,AF,57,38,402,True,False,,False,,,,
47,A3,Tonga,OC,62,32,160,False,False,,False,,,,
48,A4,Oman,AS,39,21,370,True,False,,False,,,,
49,A5,Bhutan,AS,41,22,306,False,False,,False,,,,
50,A6,United Arab Emirates,AS,39,21,391,False,False,,False,,,,
51,A7,Qatar,AS,39,21,376,True,False,,False,,,,
52,A9,Bahrain,AS,39,21,304,True,False,,False,,,,
53,AP,Pakistan,AS,41,21,372,True,False,,False,,,,
54,B,China,AS,(A),"23,24",318,True,False,,False,,,,
55,BU-BX,Taiwan,AS,44,24,386,True,False,,False,,,,
56,C2,Nauru,OC,65,31,157,False,False,,False,,,,
57,C3,Andorra,EU,27,14,203,True,False,,False,,,,
58,C5,The Gambia,AF,46,35,422,False,True,,False,,,,
59,C6,Bahamas,NA,11,08,060,False,False,,False,,,,
60,"C8,C9",Mozambique,AF,53,37,181,True,False,,False,,,,
61,CA-CE,Chile,SA,"14,16",12,112,True,True,,False,,,,
62,CE0,Easter I.,SA,63,12,047,True,True,,False,,,,
63,CE0,Juan Fernandez Is.,SA,14,12,125,True,True,,False,,,,
64,CE0,San Felix & San Ambrosio,SA,14,12,217,True,True,,False,,,,
65,CE9/KC4^,Antarctica,AN,(B),(C),013,True,False,,False,,,,
66,"CM,CO",Cuba,NA,11,08,070,True,True,,False,,,,
67,CN,Morocco,AF,37,33,446,False,False,,False,,,,
68,CP,Bolivia,SA,"12,14",10,104,True,True,,False,,,,
69,CT,Portugal,EU,37,14,272,True,False,,False,,,,
70,CT3,Madeira Is.,AF,36,33,256,True,False,,False,,,,
71,CU,Azores,EU,36,14,149,True,False,,False,,,,
72,CV-CX,Uruguay,SA,14,13,144,True,True,,False,,,,
73,CY0,Sable I.,NA,09,05,211,True,False,,False,,,,
74,CY9,St. Paul I.,NA,09,05,252,True,False,,False,,,,
75,"D2,D3",Angola,AF,52,36,401,False,False,,False,,,,
76,D4,Cape Verde,AF,46,35,409,False,False,,False,,,,
77,"DU-DZ,4D-4I",Philippines,OC,50,27,375,True,True,,False,,,,
78,E5,North Cook Is.,OC,62,32,191,False,False,,False,,,,
79,E5,South Cook Is.,OC,62,32,234,False,False,,False,,,,
80,E6,Niue,OC,62,32,188,True,False,,False,,,,
81,EA-EH,Spain,EU,37,14,281,True,False,,False,,,,
82,EA6-EH6,Balearic Is.,EU,37,14,021,True,False,,False,,,,
83,EA8-EH8,Canary Is.,AF,36,33,029,True,False,,False,,,,
84,EA9-EH9,Ceuta & Melilla,AF,37,33,032,True,False,,False,,,,
85,"EI,EJ",Ireland,EU,27,14,245,True,False,,False,,,,
86,EK,Armenia,AS,29,21,014,True,False,,False,,,,
87,EL,Liberia,AF,46,35,434,True,True,,False,,,,
88,"EP,EQ",Iran,AS,40,21,330,True,False,,False,,,,
89,ER,Moldova,EU,29,16,179,True,False,,False,,,,
90,ES,Estonia,EU,29,15,052,True,False,,False,,,,
91,ET,Ethiopia,AF,48,37,053,True,False,,False,,,,
92,EU-EW,Belarus,EU,29,16,027,True,False,,False,,,,
93,EX,Kyrgyzstan,AS,"30,31",17,135,True,False,,False,,,,
94,EY,Tajikistan,AS,30,17,262,True,False,,False,,,,
95,EZ,Turkmenistan,AS,30,17,280,True,False,,False,,,,
96,F,France,EU,27,14,227,True,False,,False,,,,
97,"FG,TO",Guadeloupe,NA,11,08,079,True,False,,False,,,,
98,"FK,TX",New Caledonia,OC,56,32,162,True,False,,False,,,,
99,"FM,TO",Martinique,NA,11,08,084,True,False,,False,,,,
100,"FO,TX",Clipperton I.,NA,10,07,036,True,False,,False,,,,
101,"FO,TX",French Polynesia,OC,63,32,175,True,False,,False,,,,
102,FP,St. Pierre & Miquelon,NA,09,05,277,True,False,,False,,,,
103,"FR,TO",Reunion I.,AF,53,39,453,True,False,,False,,,,
104,"FT/T,TO",Tromelin I.,AF,53,39,276,True,False,,False,,,,
105,"FS,TO",Saint Martin,NA,11,08,213,True,False,,False,,,,
106,FT/W,Crozet I.,AF,68,39,041,True,False,,False,,,,
107,FT/X,Kerguelen Is.,AF,68,39,131,True,False,,False,,,,
108,FT/Z,Amsterdam & St. Paul Is.,AF,68,39,010,True,False,,False,,,,
109,FW,Wallis & Futuna Is.,OC,62,32,298,True,False,,False,,,,
110,FY,French Guiana,SA,12,09,063,True,False,,False,,,,
111,"G,GX,M",England,EU,27,14,223,True,False,,False,,,,
112,"GD,GT",Isle of Man,EU,27,14,114,True,False,,False,,,,
113,"GI,GN",Northern Ireland,EU,27,14,265,True,False,,False,,,,
114,"GJ,GH",Jersey,EU,27,14,122,True,False,,False,,,,
115,"GM,GS",Scotland,EU,27,14,279,True,False,,False,,,,
116,"GU,GP",Guernsey,EU,27,14,106,True,False,,False,,,,
117,"GW,GC",Wales,EU,27,14,294,True,False,,False,,,,
118,H4,Solomon Is.,OC,51,28,185,True,False,,False,,,,
119,"HA,HG",Hungary,EU,28,15,239,True,False,,False,,,,
120,HB,Switzerland,EU,28,14,287,True,False,,False,,,,
121,HB0,Liechtenstein,EU,28,14,251,True,False,,False,,,,
122,"HC,HD",Ecuador,SA,12,10,120,True,True,,False,,,,
123,"HC8,HD8",Galapagos Is.,SA,12,10,071,True,True,,False,,,,
124,HH,Haiti,NA,11,08,078,False,True,,False,,,,
125,HI,Dominican Republic,NA,11,08,072,True,True,,False,,,,
126,"HJ,HK,5J,5K",Colombia,SA,12,09,116,True,True,,False,,,,
127,HK0,Malpelo I.,SA,12,09,161,True,True,,False,,,,
128,HK0,San Andres & Providencia,NA,11,07,216,True,True,,False,,,,
129,"HL,6K-6N",Republic of Korea,AS,44,25,137,True,False,,False,,,,
130,"HO,HP",Panama,NA,11,07,088,True,True,,False,,,,
131,"HQ,HR",Honduras,NA,11,07,080,True,True,,False,,,,
132,"HS,E2",Thailand,AS,49,26,387,True,False,,False,,,,
133,HV,Vatican,EU,28,15,295,False,False,,False,,,,
134,HZ,Saudi Arabia,AS,39,21,378,True,False,,False,,,,
135,I,Italy,EU,28,"15,33",248,True,False,,False,,,,
136,"IS0,IM0",Sardinia,EU,28,15,225,True,False,,False,,,,
137,J2,Djibouti,AF,48,37,382,True,False,,False,,,,
138,J3,Grenada,NA,11,08,077,True,True,,False,,,,
139,J5,Guinea-Bissau,AF,46,35,109,False,False,,False,,,,
140,J6,St. Lucia,NA,11,08,097,True,True,,False,,,,
141,J7,Dominica,NA,11,08,095,True,True,,False,,,,
142,J8,St. Vincent,NA,11,08,098,False,True,,False,,,,
143,"JA-JS,7J-7N",Japan,AS,45,25,339,True,False,,False,,,,
144,JT-JV,Mongolia,AS,"32,33",23,363,True,False,,False,,,,
145,JW,Svalbard,EU,18,40,259,True,False,,False,,,,
146,JX,Jan Mayen,EU,18,40,118,True,False,,False,,,,
147,JY,Jordan,AS,39,20,342,True,True,,False,,,,
148,"K,W,N,AA-AK",United States of America,NA,06-08,03-05,291,False,True,,False,,,,
149,KG4,Guantanamo Bay,NA,11,08,105,False,True,,False,,,,
150,KH0,Mariana Is.,OC,64,27,166,False,True,,False,,,,
151,KH1,Baker & Howland Is.,OC,61,31,020,False,True,,False,,,,
152,KH2,Guam,OC,64,27,103,True,True,,False,,,,
153,KH3,Johnston I.,OC,61,31,123,True,True,,False,,,,
154,KH4,Midway I.,OC,61,31,174,False,True,,False,,,,
155,KH5,Palmyra & Jarvis Is.,OC,"61,62",31,197,False,True,,False,,,,
156,"KH6,7",Hawaii,OC,61,31,110,True,True,,False,,,,
157,KH7K,Kure I.,OC,61,31,138,False,True,,False,,,,
158,KH8,American Samoa,OC,62,32,009,True,True,,False,,,,
159,KH9,Wake I.,OC,65,31,297,False,True,,False,,,,
160,"KL,AL,NL,WL",Alaska,NA,"01,02",01,006,True,True,,False,,,,
161,KP1,Navassa I.,NA,11,08,182,False,True,,False,,,,
162,KP2,Virgin Is.,NA,11,08,285,True,True,,False,,,,
163,"KP3,4",Puerto Rico,NA,11,08,202,True,True,,False,,,,
164,LA-LN,Norway,EU,18,14,266,True,False,,False,,,,
165,LO-LW,Argentina,SA,"14,16",13,100,True,True,,False,,,,
166,LX,Luxembourg,EU,27,14,254,True,False,,False,,,,
167,LY,Lithuania,EU,29,15,146,True,False,,False,,,,
168,LZ,Bulgaria,EU,28,20,212,True,False,,False,,,,
169,OA-OC,Peru,SA,12,10,136,True,True,,False,,,,
170,OD,Lebanon,AS,39,20,354,True,False,,False,,,,
171,OE,Austria,EU,28,15,206,True,True,,False,,,,
172,OF-OI,Finland,EU,18,15,224,True,False,,False,,,,
173,OH0,Aland Is.,EU,18,15,005,True,False,,False,,,,
174,OJ0,Market Reef,EU,18,15,167,True,False,,False,,,,
175,ON-OT,Belgium,EU,27,14,209,True,False,,False,,,,
176,"OU-OW,OZ",Denmark,EU,18,14,221,True,False,,False,,,,
177,OX,Greenland,NA,"05,75",40,237,True,False,,False,,,,
178,OY,Faroe Is.,EU,18,14,222,True,False,,False,,,,
179,PA-PI,Netherlands,EU,27,14,263,True,False,,False,,,,
180,"PP-PY,ZV-ZZ",Brazil,SA,(D),11,108,True,True,,False,,,,
181,PP0-PY0F,Fernando de Noronha,SA,13,11,056,True,True,,False,,,,
182,PP0-PY0S,St. Peter & St. Paul Rocks,SA,13,11,253,True,True,,False,,,,
183,PP0-PY0T,Trindade & Martim Vaz Is.,SA,15,11,273,True,True,,False,,,,
184,PZ,Suriname,SA,12,09,140,False,False,,False,,,,
185,R1/F,Franz Josef Land,EU,75,40,061,True,False,,False,,,,
186,S2,Bangladesh,AS,41,22,305,True,False,,False,,,,
187,S7,Seychelles,AF,53,39,379,False,False,,False,,,,
188,S9,Sao Tome & Principe,AF,47,36,219,False,False,,False,,,,
189,"SA-SM,7S,8S",Sweden,EU,18,14,284,True,False,,False,,,,
190,SN-SR,Poland,EU,28,15,269,True,False,,False,,,,
191,ST,Sudan,AF,"47,48",34,466,False,False,,False,,,,
192,SU,Egypt,AF,38,34,478,False,False,,False,,,,
193,"SV-SZ,J4",Greece,EU,28,20,236,True,False,,False,,,,
194,SV/A,Mount Athos,EU,28,20,180,True,False,,False,,,,
195,"SV5,J45",Dodecanese,EU,28,20,045,True,False,,False,,,,
196,"SV9,J49",Crete,EU,28,20,040,True,False,,False,,,,
197,T30,W. Kiribati (Gilbert Is. ),OC,65,31,301,False,False,,False,,,,
198,T31,C. Kiribati (British Phoenix Is.),OC,62,31,031,False,False,,False,,,,
199,T32,E. Kiribati (Line Is.),OC,"61,63",31,048,False,False,,False,,,,
200,T33,Banaba I. (Ocean I.),OC,65,31,490,False,False,,False,,,,
201,"T5,6O",Somalia,AF,48,37,232,False,False,,False,,,,
202,T7,San Marino,EU,28,15,278,True,False,,False,,,,
203,TA-TC,Turkey,"EU,AS",39,20,390,True,False,,False,,,,
204,TF,Iceland,EU,17,40,242,True,False,,False,,,,
205,"TG,TD",Guatemala,NA,12,07,076,True,True,,False,,,,
206,"TI,TE",Costa Rica,NA,11,07,308,True,True,,False,,,,
207,TI9,Cocos I.,NA,12,07,037,True,True,,False,,,,
208,TJ,Cameroon,AF,47,36,406,False,False,,False,,,,
209,TK,Corsica,EU,28,15,214,True,False,,False,,,,
210,"UA-UI1-7,RA-RZ",European Russia,EU,(E),16,054,True,False,,False,,,,
211,"UA2,RA2",Kaliningrad,EU,29,15,126,True,False,,False,,,,
212,"UA-UI8-0,RA-RZ",Asiatic Russia,AS,(F),(G),015,True,False,,False,,,,
213,UJ-UM,Uzbekistan,AS,30,17,292,False,False,,False,,,,
214,UN-UQ,Kazakhstan,AS,29-31,17,130,True,False,,False,,,,
215,"UR-UZ,EM-EO",Ukraine,EU,29,16,288,True,False,,False,,,,
216,V2,Antigua & Barbuda,NA,11,08,094,True,True,,False,,,,
217,V3,Belize,NA,11,07,066,False,True,,False,,,,
218,V5,Namibia,AF,57,38,464,True,False,,False,,,,
219,V7,Marshall Is.,OC,65,31,168,True,True,,False,,,,
220,V8,Brunei Darussalam,OC,54,28,345,True,False,,False,,,,
221,"VA-VG,VO,VY",Canada,NA,(H),01-05,001,True,True,,False,,,,
222,"VK,AX",Australia,OC,(I),"29,30",150,True,True,,False,,,,
223,VK0,Heard I.,AF,68,39,111,True,True,,False,,,,
224,VK0,Macquarie I.,OC,60,30,153,True,True,,False,,,,
225,VK9C,Cocos (Keeling) Is.,OC,54,29,038,True,True,,False,,,,
226,VK9L,Lord Howe I.,OC,60,30,147,True,True,,False,,,,
227,VK9M,Mellish Reef,OC,56,30,171,True,True,,False,,,,
228,VK9N,Norfolk I.,OC,60,32,189,True,False,,False,,,,
229,VK9W,Willis I.,OC,55,30,303,True,True,,False,,,,
230,VK9X,Christmas I.,OC,54,29,035,True,True,,False,,,,
231,VP5,Turks & Caicos Is.,NA,11,08,089,True,False,,False,,,,
232,VP6,Pitcairn I.,OC,63,32,172,True,True,,False,,,,
233,VP8,Falkland Is.,SA,16,13,141,True,False,,False,,,,
234,"VP8,LU",South Georgia I.,SA,73,13,235,True,False,,False,,,,
235,"VP8,LU",South Orkney Is.,SA,73,13,238,True,False,,False,,,,
236,"VP8,LU",South Sandwich Is.,SA,73,13,240,True,False,,False,,,,
237,"VP8,LU,CE9,HF0,4K1",South Shetland Is.,SA,73,13,241,True,False,,False,,,,
238,VP9,Bermuda,NA,11,05,064,True,False,,False,,,,
239,VQ9,Chagos Is.,AF,41,39,033,True,False,,False,,,,
240,VR,Hong Kong,AS,44,24,321,True,False,,False,,,,
241,VU,India,AS,41,22,324,True,False,,False,,,,
242,VU4,Andaman & Nicobar Is.,AS,49,26,011,True,False,,False,,,,
243,VU7,Lakshadweep Is.,AS,41,22,142,True,False,,False,,,,
244,XA-XI,Mexico,NA,10,06,050,True,True,,False,,,,
245,XA4-XI4,Revillagigedo,NA,10,06,204,True,True,,False,,,,
246,XU,Cambodia,AS,49,26,312,False,False,,False,,,,
247,XW,Laos,AS,49,26,143,False,False,,False,,,,
248,XX9,Macao,AS,44,24,152,True,False,,False,,,,
249,"XY,XZ",Myanmar,AS,49,26,309,False,False,,False,,,,
250,"YA,T6",Afghanistan,AS,40,21,003,False,False,,False,,,,
251,YI,Iraq,AS,39,21,333,True,False,,False,,,,
252,YJ,Vanuatu,OC,56,32,158,True,False,,False,,,,
253,YK,Syria,AS,39,20,384,True,False,,False,,,,
254,YL,Latvia,EU,29,15,145,True,False,,False,,,,
255,"YN,H6-7,HT",Nicaragua,NA,11,07,086,True,True,,False,,,,
256,YO-YR,Romania,EU,28,20,275,True,False,,False,,,,
257,"YS,HU",El Salvador,NA,11,07,074,True,True,,False,,,,
258,"YT,YU",Serbia,EU,28,15,296,True,False,,False,,,,
259,"YV-YY,4M",Venezuela,SA,12,09,148,True,True,,False,,,,
260,YV0,Aves I.,NA,11,08,017,True,True,,False,,,,
261,Z2,Zimbabwe,AF,53,38,452,False,False,,False,,,,
262,ZA,Albania,EU,28,15,007,False,False,,False,,,,
263,ZB2,Gibraltar,EU,37,14,233,True,False,,False,,,,
264,ZD7,St. Helena,AF,66,36,250,True,False,,False,,,,
265,ZD8,Ascension I.,AF,66,36,205,True,False,,False,,,,
266,ZD9,Tristan da Cunha & Gough I.,AF,66,38,274,False,False,,False,,,,
267,ZF,Cayman Is.,NA,11,08,069,True,False,,False,,,,
268,ZK3,Tokelau Is.,OC,62,31,270,True,False,,False,,,,
269,ZL-ZM,New Zealand,OC,60,32,170,True,False,,False,,,,
270,ZL7,Chatham Is.,OC,60,32,034,True,False,,False,,,,
271,ZL8,Kermadec Is.,OC,60,32,133,True,False,,False,,,,
272,ZL9,New Zealand Subantarctic Islands,OC,60,32,016,True,False,,False,,,,
273,ZP,Paraguay,SA,14,11,132,True,True,,False,,,,
274,ZR-ZU,South Africa,AF,57,38,462,True,True,,False,,,,
275,ZS8,Prince Edward & Marion Is.,AF,57,38,201,True,False,,False,,,,
276,4O,Montenegro,EU,28,15,514,True,False,47,False,(4O),"June 28, 2006",,
277,4W,Timor-Leste,OC,54,28,511,False,False,44,False,(4W),"March 1, 2000",,
278,5T,Mauritania,AF,46,35,444,False,False,2,False,(5T),"June 20, 1960",,
279,5U,Niger,AF,46,35,187,False,False,3,False,(5U),"August 3, 1960",,
280,"6V,6W",Senegal,AF,46,35,456,True,False,4,False,"(6V,6W)","June 20, 1960",,
281,7O,Yemen,AS,39,21,492,False,False,5,False,(7O),"May 22, 1990",,
282,9A,Croatia,EU,28,15,497,True,False,6,False,(9A; S5),"June 26, 1991",,
283,S5,Slovenia,EU,28,15,499,True,False,6,False,(9A; S5),"June 26, 1991",,
284,9G,Ghana,AF,46,35,424,True,True,7,False,(9G),"March 5, 1957",,
285,"9M2,4",West Malaysia,AS,54,28,299,True,False,8,False,"(9M2,4; 9M6,8)","September 16, 1963",,
286,"9M6,8",East Malaysia,OC,54,28,046,True,False,8,False,"(9M2,4; 9M6,8)","September 16, 1963",,
287,9U,Burundi,AF,52,36,404,False,False,9,False,(9U; 9X),"July 1, 1962",,
288,9X,Rwanda,AF,52,36,454,False,False,9,False,(9U; 9X),"July 1, 1962",,
289,9V,Singapore,AS,54,28,381,True,False,10,False,(9V),,,"Contacts made from September 16, 1963 to August 8, 1965, count for West Malaysia."
290,BS7,Scarborough Reef,AS,50,27,506,False,False,11,False,(BS7),"January 1, 1995",,
291,BV9P,Pratas I.,AS,44,24,505,False,False,12,False,(BV9P),"January 1, 1994",,
292,D6,Comoros,AF,53,39,411,True,True,13,False,"(D6; FH,TO)","July 6, 1975",,
293,"FH,TO",Mayotte,AF,53,39,169,True,False,13,False,"(D6; FH,TO)","July 6, 1975",,
294,DA-DR,Federal Republic of Germany,EU,28,14,230,True,False,14,False,(DA-DR),,,"Contacts with DA-DL stations September 17, 1973, and after, and contacts made with Y2-Y9 stations October 3, 1990, and after, count for this entity."
295,E3,Eritrea,AF,48,37,051,False,False,15,False,(E3),,,"November 14, 1962, and before, or May 24, 1991, and after, count for this entity."
296,E4,Palestine,AS,39,20,510,False,False,43,False,(E4),"February 1, 1999",,
297,E7,Bosnia-Herzegovina,EU,28,15,501,True,True,29,False,(E7),,,"New prefix for Bosnia-Herzegovina effective November 17, 2007.  Contacts are valid for this entity effective October 15, 1991."
298,"FJ,TO",Saint Barthelemy,NA,11,08,516,True,False,49,False,"(FJ,TO)","December 14, 2007",,
299,"FK,TX",Chesterfield Is.,OC,56,30,512,False,False,45,False,"(FK,TX (Chesterfield Is.))","March 23, 2000",,
300,"FO,TO",Austral I.,OC,63,32,508,True,False,16,False,"(FO,TO; FO,TX (Marquesas Is./Austral Is.))","April 1, 1998",,
301,"FO,TX",Marquesas Is.,OC,63,31,509,True,False,16,False,"(FO,TO; FO,TX (Marquesas Is./Austral Is.))","April 1, 1998",,
302,"FT/G,TO",Glorioso Is.,AF,53,39,099,True,False,17,False,"(FT/G,TO; FT/J,E,TO)","June 25, 1960",,
303,"FT/J,E,TO","Juan de Nova, Europa",AF,53,39,124,True,False,17,False,"(FT/G,TO; FT/J,E,TO)","June 25, 1960",,
304,H40,Temotu Province,OC,51,32,507,True,False,18,False,(H40),"April 1, 1998",,
305,JD1,Minami Torishima,OC,90,27,177,True,False,19,False,(JD1 (Minami Torishima)),,,Formerly Marcus Island.
306,JD1,Ogasawara,AS,45,27,192,True,False,20,False,(JD1 (Ogasawara)),,,Formerly Bonin and Volcano Islands.
307,KH8,Swains I.,OC,62,32,515,True,True,48,False,(KH8),"July 22, 2006",,
308,KP5,Desecheo I.,NA,11,08,043,False,True,22,False,(KP5),"March 1, 1979",,
309,OK-OL,Czech Republic,EU,28,15,503,True,False,23,False,"(OK,OL; OM)","January 1, 1993",,
310,OM,Slovak Republic,EU,28,15,504,True,False,23,False,"(OK,OL; OM)","January 1, 1993",,
311,P2,Papua New Guinea,OC,51,28,163,False,False,24,False,(P2),"September 16, 1975",,
312,P4,Aruba,SA,11,09,091,True,False,25,False,(P4),"January 1, 1986",,
313,P5,Democratic People's Rep. of Korea,AS,44,25,344,False,False,26,False,(P5),"May 14, 1995",,
314,PJ2,Curacao,SA,11,09,517,False,False,50,False,(PJ2),"starting 0400 UTC October 10, 2010",,
315,PJ4,Bonaire,SA,11,09,520,False,False,51,False,(PJ4),"starting 0400 UTC October 10, 2010",,
316,"PJ5,6",Saba & St. Eustatius,NA,11,08,519,False,False,52,False,"(PJ5,6)","starting 0400 UTC October 10, 2010",,
317,PJ7,Sint Maarten,NA,11,08,518,False,False,53,False,(PJ7),"starting 0400 UTC October 10, 2010",,
318,S0,Western Sahara,AF,46,33,302,False,False,"1,27",False,,,,
319,T2,Tuvalu,OC,65,31,282,False,False,28,False,(T2),"January 1, 1976",,
320,"T8,",Palau,OC,64,27,022,False,False,21,False,(T8),"January 1, 1994",,(KC6 prior to this date).
321,TL,Central Africa,AF,47,36,408,False,False,30,False,(TL),"August 13, 1960",,
322,TN,Republic of the Congo,AF,52,36,412,False,False,31,False,(TN),"August 15, 1960",,
323,TR,Gabon,AF,52,36,420,True,False,32,False,(TR),"August 17, 1960",,
324,TT,Chad,AF,47,36,410,False,False,33,False,(TT),"August 11, 1960",,
325,TU,Cote d'Ivoire,AF,46,35,428,False,False,34,False,(TU),"August 7, 1960",,
326,TY,Benin,AF,46,35,416,False,False,35,False,(TY),"August 1, 1960",,
327,TZ,Mali,AF,46,35,442,True,False,36,False,(TZ),"June 20, 1960",,
328,V4,St. Kitts & Nevis,NA,11,08,249,False,True,37,False,(V4; VP2E; VP2M; VP2V),,,"For DXCC credit for contacts made May 31, 1958, and before, see page 97, June 1958 QST."
329,VP2E,Anguilla,NA,11,08,012,False,False,37,False,(V4; VP2E; VP2M; VP2V),,,"For DXCC credit for contacts made May 31, 1958, and before, see page 97, June 1958 QST."
330,VP2M,Montserrat,NA,11,08,096,False,False,37,False,(V4; VP2E; VP2M; VP2V),,,"For DXCC credit for contacts made May 31, 1958, and before, see page 97, June 1958 QST."
331,VP2V,British Virgin Is.,NA,11,08,065,True,False,37,False,(V4; VP2E; VP2M; VP2V),,,"For DXCC credit for contacts made May 31, 1958, and before, see page 97, June 1958 QST."
332,V6,Micronesia,OC,65,27,173,False,False,38,False,(V6),,,"Includes Yap Islands January 1, 1981, and after."
333,VP6,Ducie I.,OC,63,32,513,True,False,46,False,(VP6),"November 16, 2001",,
334,XT,Burkina Faso,AF,46,35,480,True,False,39,False,(XT),"August 16, 1960",,
335,YB-YH,Indonesia,OC,"51,54",28,327,True,False,40,False,(YB-YH),"May 1, 1963",,
336,Z3,North Macedonia (Republic of),EU,28,15,502,True,False,41,False,(Z3),"September 8, 1991",,
337,Z6,Republic of Kosovo,EU,28,15,522,False,False,"1,55",False,,,,
338,Z8,South Sudan (Republic of),AF,48,34,521,False,False,54,False,(Z8),"July 14, 2011",,
339,ZC4,UK Sovereign Base Areas on Cyprus,AS,39,20,283,True,False,42,False,(ZC4),"August 16, 1960",,
340,,Blenheim Reef,AF,41,39,023,False,False,2,True,(Blenheim Reef),"May 4, 1967","June 30, 1975","Contacts made July 1, 1975, and after, count as Chagos Is. (VQ9)."
341,,Geyser Reef,AF,53,39,093,False,False,3,True,(Geyser Reef),"May 4, 1967","February 28, 1978",
342,,Abu Ail Is.,AS,39,21,002,False,False,4,True,(Abu Ail Is.),,"March 30, 1991",
343,1M,Minerva Reef,OC,62,32,178,False,False,"1,5",True,,,,
344,4W,Yemen Arab Republic,AS,39,21,154,False,False,6,True,(4W),,"May 21, 1990",
345,7J1,Okino Tori-shima,AS,45,27,194,False,False,7,True,(7J1),"May 30, 1976","November 30, 1980","Contacts made December 1, 1980, and after, count as Ogasawara (JD1)."
346,8Z4,Saudi Arabia/Iraq Neutral Zone,AS,39,21,226,False,False,8,True,(8Z4),,"December 25, 1981",
347,"8Z5,9K3",Kuwait/Saudi Arabia Neutral Zone,AS,39,21,068,False,False,9,True,"(8Z5,9K3)",,"December 14, 1969",
348,9S4,Saar,EU,28,14,210,False,False,10,True,(9S4),,"March 31, 1957",
349,9U5,Ruanda-Urundi,AF,52,36,208,False,False,11,True,(9U5),"July 1, 1960","June 30, 1962","Contacts made July 1, 1962, and after, count as Burundi (9U) or Rwanda (9X)."
350,AC3,Sikkim,AS,41,22,231,False,False,"1,12",True,,,,
351,AC4,Tibet,AS,41,23,268,False,False,"1,13",True,,,,
352,C9,Manchuria,AS,33,24,164,False,False,14,True,(C9),,"September 15, 1963","Contacts made September 16, 1963, and after, count as China (B)."
353,CN2,Tangier,AF,37,33,264,False,False,15,True,(CN2),,"June 30, 1960","Contacts made July 1, 1960, and after, count as Morocco (CN)."
354,CR8,"Damao, Diu",AS,41,22,042,False,False,16,True,"(CR8 (Damao, Diu); CR8 (Goa))",,"December 31, 1961",
355,CR8,Goa,AS,41,22,101,False,False,16,True,"(CR8 (Damao, Diu); CR8 (Goa))",,"December 31, 1961",
356,"CR8,CR10",Portuguese Timor,OC,54,28,200,False,False,17,True,"(CR8,CR10)",,"September 14, 1976",
357,DA-DM,Germany,EU,28,14,081,False,False,18,True,(DA-DM),,"September 16, 1973","Contacts made September 17, 1973, and after, count as Federal Republic of Germany (DA-DL) or German Democratic Republic (Y2-Y9)."
358,"DM,Y2-9",German Democratic Republic,EU,28,14,229,False,False,19,True,"(DM,Y2-9)","September 17, 1973","October 2, 1990","On October 3, 1990, German Democratic Republic became part of Federal Republic of Germany."
359,EA9,Ifni,AF,37,33,113,False,False,20,True,(EA9),,"May 13, 1969",
360,FF,French West Africa,AF,46,35,059,False,False,21,True,(FF),,"August 6, 1960",
361,"FH,FB8",Comoros,AF,53,39,039,False,False,22,True,"(FH,FB8)",,"July 5, 1975","Contacts made July 6, 1975, and after, count as Comoros (D6) or Mayotte (FH,TO)."
362,FI8,French Indo-China,AS,49,26,058,False,False,23,True,(FI8),,"December 20, 1950",
363,FN8,French India,AS,41,22,067,False,False,24,True,(FN8),,"October 31, 1954",
364,FQ8,French Equatorial Africa,AF,"47,52",36,057,False,False,25,True,(FQ8),,"August 16, 1960",
365,HK0,Bajo Nuevo,NA,11,08,019,False,False,26,True,"(HK0; HK0,KP3,KS4)",,"September 16, 1981","Contacts made September 17, 1981, and after, count as San Andres (HK0)."
366,"HK0,KP3,KS4",Serrana Bank & Roncador Cay,NA,11,07,228,False,False,26,True,"(HK0; HK0,KP3,KS4)",,"September 16, 1981","Contacts made September 17, 1981, and after, count as San Andres (HK0)."
367,I1,Trieste,EU,28,15,271,False,False,27,True,(I1),,"March 31, 1957",
368,I5,Italian Somaliland,AF,48,37,115,False,False,28,True,(I5),,"June 30, 1960",
369,JZ0,Netherlands New Guinea,OC,51,28,184,False,False,29,True,(JZ0),,"April 30, 1963",
370,KH5K,Kingman Reef,OC,61,31,134,False,False,30,True,(KH5K),,"March 29, 2016",
371,"KR6,8,JR6,KA6",Okinawa (Ryukyu Is.),AS,45,25,193,False,False,31,True,"(KR6,8,JR6,KA6)",,"May 14, 1972","Contacts made May 15, 1972, and after, count as Japan (JA-JS,7J-7N)."
372,KS4,Swan Is.,NA,11,07,261,False,False,32,True,(KS4),,"August 31, 1972","Contacts made September 1, 1972, and after, count as Honduras (HQ,HR)."
373,KZ5,Canal Zone,NA,11,07,028,False,False,33,True,(KZ5),,"September 30, 1979",
374,OK-OM,Czechoslovakia,EU,28,15,218,False,False,34,True,(OK-OM),,"December 31, 1992",
375,"P2,VK9",Papua Territory,OC,51,28,198,False,False,35,True,"(P2,VK9 (Papua Territory); P2,VK9 (Territory of New Guinea))",,"September 15, 1975","Contacts made September 16, 1975, and after, count as Papua New Guinea (P2)."
376,"P2,VK9",Territory of New Guinea,OC,51,28,267,False,False,35,True,"(P2,VK9 (Papua Territory); P2,VK9 (Territory of New Guinea))",,"September 15, 1975","Contacts made September 16, 1975, and after, count as Papua New Guinea (P2)."
377,PJ,"Bonaire, Curacao",SA,11,09,085,False,False,36,True,"(PJ (Bonaire, Curacao); PJ (St. Maarten, Saba, St. Eustatius))",,"October 9, 2010",
378,PJ,"St. Maarten, Saba, St. Eustatius",NA,11,08,255,False,False,36,True,"(PJ (Bonaire, Curacao); PJ (St. Maarten, Saba, St. Eustatius))",,"October 9, 2010",
379,PK1-3,Java,OC,54,28,119,False,False,37,True,(PK1-3; PK4; PK5; PK6),,"April 30, 1963","Contacts made May 1, 1963, and after, count as Indonesia (YB-YH)."
380,PK4,Sumatra,OC,54,28,258,False,False,37,True,(PK1-3; PK4; PK5; PK6),,"April 30, 1963","Contacts made May 1, 1963, and after, count as Indonesia (YB-YH)."
381,PK5,Netherlands Borneo,OC,54,28,183,False,False,37,True,(PK1-3; PK4; PK5; PK6),,"April 30, 1963","Contacts made May 1, 1963, and after, count as Indonesia (YB-YH)."
382,PK6,Celebe & Molucca Is.,OC,54,28,030,False,False,37,True,(PK1-3; PK4; PK5; PK6),,"April 30, 1963","Contacts made May 1, 1963, and after, count as Indonesia (YB-YH)."
383,R1/M,Malyj Vysotskij I.,EU,29,16,151,False,False,52,True,(R1/M),,"February 16, 2012",
384,ST0,Southern Sudan,AF,"47,48",34,244,False,False,38,True,(ST0),"May 7, 1972","December 31, 1994",
385,UN1,Karelo-Finnish Republic,EU,19,16,128,False,False,39,True,(UN1),,"June 30, 1960","Contacts made July 1, 1960, and after, count as European Russia (UA-UI1-7,RA-RZ)."
386,VO,"Newfoundland, Labrador",NA,09,"02,05",186,False,False,40,True,(VO),,"March 31, 1949","Contacts made April 1, 1949, and after, count as Canada (VA-VG,VO,VY)."
387,"VQ1,5H1",Zanzibar,AF,53,37,307,False,False,41,True,"(VQ1,5H1)",,"May 31, 1974","Contacts made June 1, 1974, and after, count as Tanzania (5H,5I)."
388,VQ6,British Somaliland,AF,48,37,026,False,False,42,True,(VQ6),,"June 30, 1960",
389,VQ9,Aldabra,AF,53,39,008,False,False,43,True,(VQ9 (Aldabra); VQ9 (Desroches); VQ9 (Farquhar)),,"June 28, 1976","Contacts made June 29, 1976, and after, count as Seychelles (S7)."
390,VQ9,Desroches,AF,53,39,044,False,False,43,True,(VQ9 (Aldabra); VQ9 (Desroches); VQ9 (Farquhar)),,"June 28, 1976","Contacts made June 29, 1976, and after, count as Seychelles (S7)."
391,VQ9,Farquhar,AF,53,39,055,False,False,43,True,(VQ9 (Aldabra); VQ9 (Desroches); VQ9 (Farquhar)),,"June 28, 1976","Contacts made June 29, 1976, and after, count as Seychelles (S7)."
392,"VS2,9M2",Malaya,AS,54,28,155,False,False,44,True,"(VS2,9M2; VS4; ZC5)",,"September 15, 1963","Contacts made September 16, 1963, and after, count as West Malaysia (9M2,4) or East Malaysia (9M6,8)."
393,VS4,Sarawak,OC,54,28,220,False,False,44,True,"(VS2,9M2; VS4; ZC5)",,"September 15, 1963","Contacts made September 16, 1963, and after, count as West Malaysia (9M2,4) or East Malaysia (9M6,8)."
394,ZC5,British North Borneo,OC,54,28,025,False,False,44,True,"(VS2,9M2; VS4; ZC5)",,"September 15, 1963","Contacts made September 16, 1963, and after, count as West Malaysia (9M2,4) or East Malaysia (9M6,8)."
395,"VS9A,P,S",People's Democratic Rep. of Yemen,AS,39,21,243,False,False,45,True,"(VS9A,P,S)",,"May 21, 1990",
396,VS9H,Kuria Muria I.,AS,39,21,139,False,False,46,True,(VS9H),,"November 29, 1967",
397,VS9K,Kamaran Is.,AS,39,21,127,False,False,47,True,(VS9K),,"March 10, 1982",
398,"ZC6,4X1",Palestine,AS,39,20,196,False,False,48,True,"(ZC6,4X1)",,"June 30, 1968","Contacts made July 1, 1968, and after, count as Israel (4X,4Z)."
399,ZD4,"Gold Coast, Togoland",AF,46,35,102,False,False,49,True,(ZD4),,"March 5, 1957",
400,"ZS0,1",Penguin Is.,AF,57,38,493,False,False,50,True,"(ZS0,1)",,"February 29, 1994",
401,ZS9,Walvis Bay,AF,57,38,488,False,False,51,True,(ZS9),"September 1, 1977","February 28, 1994",
402,,,,,,,,,27,False,(S0),,,"Contacts with Rio de Oro (Spanish Sahara), EA9, also count for this entity."
403,,,,,,,,,55,False,(Z6),"January 21, 2018",,
404,,,,,,,,,1,True,,,,Unofficial prefix.
405,,,,,,,,,5,True,(1M),,"July 15, 1972","Contacts made July 16, 1972, and after, count as Tonga (A3)."
406,,,,,,,,,12,True,(AC3),,"April 30, 1975","Contacts made May 1, 1975, and after, count as India (VU)."
407,,,,,,,,,13,True,(AC4),,"May 30, 1974","Contacts made May 31, 1974, and after, count as China (B)."
